<?xml version="1.0" encoding="UTF-8"?>
<project-private xmlns="http://www.netbeans.org/ns/project-private/1">
    <editor-bookmarks xmlns="http://www.netbeans.org/ns/editor-bookmarks/2" lastBookmarkId="0"/>
    <open-files xmlns="http://www.netbeans.org/ns/projectui-open-files/2">
        <group>
            <file>file:/home/snehal/NetBeansProjects/CustomeTagApp/src/java/Tags/StringCustomAttribute.java</file>
            <file>file:/home/snehal/NetBeansProjects/CustomeTagApp/web/WEB-INF/tlds/MyCustome_library.tld</file>
            <file>file:/home/snehal/NetBeansProjects/CustomeTagApp/web/CustomTag.jsp</file>
        </group>
    </open-files>
</project-private>
