<?xml version="1.0" encoding="UTF-8"?>
<project-private xmlns="http://www.netbeans.org/ns/project-private/1">
    <editor-bookmarks xmlns="http://www.netbeans.org/ns/editor-bookmarks/2" lastBookmarkId="0"/>
    <open-files xmlns="http://www.netbeans.org/ns/projectui-open-files/2">
        <group>
            <file>file:/home/shubham/NetBeansProjects/JWDAssignment/xmldemo/web/Emp.jsp</file>
            <file>file:/home/shubham/NetBeansProjects/JWDAssignment/xmldemo/web/index.html</file>
            <file>file:/home/shubham/NetBeansProjects/JWDAssignment/xmldemo/web/demoxml.jsp</file>
            <file>file:/home/shubham/NetBeansProjects/JWDAssignment/xmldemo/web/newXMLDocument.xml</file>
            <file>file:/home/shubham/NetBeansProjects/JWDAssignment/xmldemo/web/sqljsp.jsp</file>
        </group>
    </open-files>
</project-private>
