<?xml version="1.0" encoding="UTF-8"?>
<!--
To change this license header, choose License Headers in Project Properties.
To change this template file, choose Tools | Templates
and open the template in the editor.
-->

<employees>
    <employee>
        <id>1</id>
        <name>Shubham</name>
        <dept>HR</dept>
        <salary>10000</salary>
    </employee>
    <employee>
        <id>1</id>
        <name>Haresh</name>
        <dept>Sales</dept>
        <salary>10000</salary>
    </employee>
    <employee>
        <id>1</id>
        <name>Jay</name>
        <dept>HR</dept>
        <salary>10000000</salary>
    </employee><employee>
        <id>1</id>
        <name>Sneahl</name>
        <dept>Manager</dept>
        <salary>10000</salary>
    </employee>

</employees>
