<?xml version="1.0" encoding="UTF-8"?>
<project-private xmlns="http://www.netbeans.org/ns/project-private/1">
    <editor-bookmarks xmlns="http://www.netbeans.org/ns/editor-bookmarks/2" lastBookmarkId="0"/>
    <open-files xmlns="http://www.netbeans.org/ns/projectui-open-files/2">
        <group>
            <file>file:/home/shubham/NetBeansProjects/CustomTagDemo/web/index.html</file>
            <file>file:/home/shubham/NetBeansProjects/CustomTagDemo/web/WEB-INF/tlds/mytag.tld</file>
            <file>file:/home/shubham/NetBeansProjects/CustomTagDemo/src/java/tagpackage/Taghandler2.java</file>
            <file>file:/home/shubham/NetBeansProjects/CustomTagDemo/web/newjsp.jsp</file>
            <file>file:/home/shubham/NetBeansProjects/CustomTagDemo/src/java/tagpackage/NewTagHandler.java</file>
            <file>file:/home/shubham/NetBeansProjects/CustomTagDemo/src/java/tagpackage/Taghandler3.java</file>
        </group>
    </open-files>
</project-private>
